rating,date,snippet
5.0,sebulan lalu,"Kesini dan tau tempat ini karena event bazar buku. Ternyata tempatnya cozy, makanannya oke dengan harga yang terjangkau pula. Letaknya di tengah kota, kopinya juga enak."
5.0,9 bulan lalu,"Â°Tempat
Terakhir ke sini sebelum pandemi covid19 dan sekarang ternyata makin luas dan bagus. Banyak pilihan tempat duduk, mulai dari bangunan pendopo sampai gubug yang lebih kecil. Kalau mau yang tanpa atap juga masih ada bagian taman dengan bangku-bangku panjangnya. Kamar mandi lebih dari satu dan cukup bersih. Disediakan musala untuk ibadah.

Â°Makanan Minuman
Menu makanan dan minuman makin lengkap. Mulai dari yang berat hingga sekadar camilan.

Â°Harga
Untuk harga masih terjangkau (mungkin hanya mengalami kenaikan yaa dari tahun-tahun sebelumnya)

Â°Parkiran
Luas, aman, rapi."
5.0,2 bulan lalu,"Saya jarang banget nongkrong, sekalinya nongkrong karna ada yg ngajak kok malah kaget. Pisang goreng satu porsi 13ribu, dapat berpotong-potongğŸ˜… saya makan sendiri aja nggak kuatğŸ¤£ğŸ¤£ akeh tenan bro... iki bakule mbati ora? Wedi aku marai bangkrutğŸ¤£ gek ngono kok masih ada aja yg ROJALIğŸ¤£ğŸ¤£"
4.0,2 bulan lalu,"Kesini saat ada event bazar buku diva press, tempatnya oke, parkirannya juga luas. Ada tempat lesehan dan ada yang bermeja"
4.0,9 bulan lalu,"Makanan dan minuman murah, banyak colokan, wifi lancar, ada banyak pohon Kamboja Bali, suasana joglo. Mantap pokoknya. Kadang ada bazar buku juga. Bulan Juni 2024 parkirnya masih seribu."
3.0,7 bulan lalu,"Biasa kesini, namun kadang yang dikasir lagi capek jadi kurang ramah. Untuk pelayanan ya lumayan lah ya...
Suasanya outdor gitu... jadi nggak terlalu cocok sama yang nggak suka bau rokok... emang nyengat... tapiiiii seger enak, kalau bau rokok nggak ada

Untuk makannya nggak konsisten, ini saya pesen banyak yang datang dingin donggg, tempe mendoan, sama telor, nasinya masyaallah kurang air
Milshake orea biasa, es cream biasa tapi ya lumayan lah..."
1.0,sebulan lalu,"Dari makan hingga pelayanan menurut saya wajib di acungin jempol dan tempatnya juga luas.
Harga menu pas di kantong mahasiswa, apalagi pas akhir bulan hehehehe....
Tapi sayang, WIFI-nya lemooootttt jadinya mau nugas-pun terasa males. Yang awalnya berangkat semangat 45 dari kos mau nugas sambil ngopi, eh sampai di lokasi ternyata diluar prediksi BMKG. Jadinya mau ngopi juga ga selera.

saran saya sih, lebih di tingkatkan lagi untuk masalah jaringan, soalnya tempat ini bisa di katakan surga bagi kalangan mahasiswa."
2.0,6 bulan lalu,"Untuk kopinya saya agak kecewa, saya minta kopinya untuk kental bukan berarti isinya ampas semua yg saya minum. Entah karena baristanya tidak bisa membuat kopinya atau bagaimana yg jelas ampas dari kopinya tidak mau turun dan hampir penuh.
Saran untuk mengaduk kopinya yg lama dengan air yg benar-benar panas serta cara mengaduknya dengan dituang sedikit air diaduk lalu di tambahkan sedikit-sedikit.

Semoga saran saya bisa di terima dan baik untuk kedepannya."
2.0,6 bulan lalu,"Untuk kopinya saya agak kecewa, saya minta kopinya untuk kental bukan berarti isinya ampas semua yg saya minum. Entah karena baristanya tidak bisa membuat kopinya atau bagaimana yg jelas ampas dari kopinya tidak mau turun dan hampir penuh.
Saran untuk mengaduk kopinya yg lama dengan air yg benar-benar panas serta cara mengaduknya dengan dituang sedikit air diaduk lalu di tambahkan sedikit-sedikit.

Semoga saran saya bisa di terima dan baik untuk kedepannya."
4.0,setahun lalu,"Parkir luas, ada toilet, wifi yang lumayan cepet, sama colokan di hampir setiap tempat duduk. Ada musholla juga, sama peralatan sholatnya.
Untuk tempat duduknya ada yg outdoor, indoor, lesehan dan ada gazebo.
Untuk harga sangat murah, terutama di kalangan mahasiswa, dengan banyak pilihan makanan dan minuman yang cocok untuk nongkrong.  Rasanya lumayanlah, ngga mengecewakan. Pelayanannya baik. Cocok banget kalo buat nugas, apalagi ditambah wifinya yg super oke. Kalo malam rameee bangett.. Pembayaran bisa tunai, bisa Q-RIS. Jangan lupa bawa uang buat bayar parkir. Kalau motor 1000,kalau mobil sy kurang tauğŸ‘ŒğŸ»"
1.0,5 bulan lalu,"Maaf, pesanan datang lama bangetttt padahal cuman mie goreng doang... Ini udah 50 menit belum dateng hmmmm"
1.0,sebulan lalu,"wifinya gabisa dipake kalo cafe dah rame, lemot parahhh. liat review org lain pesen pisang goreng dapet sepiring penuh banyak banget, giliran pas aku pesen dapetnya cuma dikit dijejer satu plate doang ga sepenuh org lain"
4.0,2 tahun lalu,"Tempatnya luas, ada lesehan, outdoor dan indoor, enak buat nongkrong"", parkiran juga luas, menu"" nya juga lumayan banyak dan harga terjangkau, memiliki koleksi buku yang lumayan banyak dan bisa di baca di tempat. Tersedia juga mushola yg lumayan luas dan bersih, toilet juga ada."
4.0,2 tahun lalu,"Tempat yang nyaman untuk mengerjakan tugas karena sejuk udara serta teduh tempatnya, tempat cukup luas dan parkiran sangat memadai, lokasinya mudah ditemukan, pelayanan pegawai sangat baik."
5.0,8 bulan lalu,"Makanan dan minuman enak, tempatnya luas, bisa lesahan/kursi."
5.0,2 tahun lalu,"Tempat yg asik dan santuy untuk bincang malam bersama kerabat. Atmosfer cafe terasa nyaman baik indoor atau outdoor. Hanya saja tidak ada perbedaan untuk smoker dan non smoker. Tempat sangat luas, ada gazebo, meja kursi, atau lesehan  Menu lengkap mulai dari kopi, teh, jus dll. Untuk makanan terdapat makanan berat ataupun makanan ringan. Harga sangat terjangkau ğŸ‘ğŸ‘ğŸ‘"
5.0,5 bulan lalu,Menu makan dan minum pas buat makan siang. ğŸ˜ğŸ‘ğŸ¼
5.0,10 bulan lalu,"Tempatnya luas , nyaman buat nongkrong tapi pelayanannya lama kalo pesen makanan ğŸ‘"
1.0,4 bulan lalu,"Pesennya sekarang datang nya tahun depan,wajar salah manusia, tapi ini salahnya ga bisa diwajarin, ngapain cafe besar masa urutan pesanan datang aja ga pas,nunggu kelaperan,udh saya ikhlaskan aja buat para yatim yang jadi pelayannya,udh ah atur aja kalian panitia, ga lagi makan disini,kelaparan aja yang ada,niat makan sambil nongkrong eh malah nongkrong sambil kelaparan pepwk"
5.0,5 bulan lalu,Sangat enak banget apa lagi pelayanannyağŸ¥°ğŸ‘ğŸ»
5.0,setahun lalu,"Suasana kafe nyaman, ditambah ada lokasi baru di bagian belakang jadi tidak sumpek seperti dulu.
Overall rasa makan oke, terbilang cukup sesuai dengan harganya.

Parkiran luas, pelayanannya cepat"
1.0,4 bulan lalu,"2 jam nunggu, makanannya ga datang malah pengunjung yang baru datang dikasih duluan...Padahal bawa temen dari luar kota,sumpah malu banget jadinya, pada akhirnya ditinggalin gitu aja daripada emosi pada akhirnya. Nanya ke kasir pun ga direspon dengan baik, Ga bakal lagi kesini. Dan ya nominal makanananya juga ga kecil ya karna ga hanya makanan doang tapi juga ada snack snack lain"
5.0,6 bulan lalu,Nyaman buat nongkrong & nugas.
5.0,setahun lalu,"Tempatnya luas, parkiran mobil cukup luas. Parkir sepeda motor juga cukup luas.
Cocok untuk tempat santai, tempat ngobrol ngalor ngidul, kopsan dan lain lain.
Untuk harga menu makanan dan minuman standar kafe.
Untuk toilet dan mushola juga tersedia."
4.0,3 tahun lalu,"Overall bagus. Pelayanan ramah, tempat luas, koleksi buku juga buanyak, bisa di lesehan, outdoor ataupun indoor, menu lengkap dan murahÂ² untuk ukuran kafe. Colokan juga tersedia banyak, parkiran luas sampe bisa buat main bola wkwk, candaaa. Mushala nyaman dan uwadem, kamar mandi juga bersih.
Cuma sayangnya kalo pas panas, bagian indoor kerasa puwanas bgt hawanya, kalo pas hujan, suara hujannya kedengeran keras bgt, kek dikeroyok wkwkw, mau ngobrol aja rasanya mendingan chattingan aja deh ğŸ¤£
Tapi gapapa, tetepan nyaman buat nongki sampe pagi ğŸ¤¤"
4.0,3 tahun lalu,"Kopi dengan ciri khasnya yang berletak di dalam perkampungan ini selalu membawakan cerita bagi yang mengunjungi.

Harganya pun tergolong murah dan menyediakan pilihan menu yang bervariatif, juga toilet nya pun tergolong bersih sekali, so jgn ragu buat mampir ke BASA-BASI bagi kamu para pecinta kopi dan lain-lain.."
3.0,6 tahun lalu,"Lumayan buat anak-anak muda nongkrong hore dengan harga murah. Cuman nggak dipisah space buat ngrokok jadi buat cewek-cewek yang kurang bisa menerima para perokok tempat ini sepertinya kurang cocok. Pelayanan kurang cepat tapi menu makanan cukup lengkap, banyak pilihan makanan dan cemilan."
5.0,5 tahun lalu,"Tempat yang oke untuk nongkrong mahasiswa, harga lumayan miring, tempat parkir luas, bersih, wifi tidak gratis, bisa beli voucher WiFi, tapi kadang rame banget, jadi cocoknya buat nongkrong, klao buat nugas kurang oke."
5.0,6 tahun lalu,"Cafenya luas banget, ada wifi juga meskipun harus beli voucher wifi seharga 3rb untuk 3jam. Disini tersedia makanan dan minuman untuk menemani tugasmu atau hangout dengan teman temanmu. Ga ada makanan berat ya disini jadi kalian bisa makan nasi dlu sebelum kesini ya ğŸ˜‹"
5.0,setahun lalu,"Parkir luas tempat duduk tersedia colokan, wifi lancar, kamar mandi lumayan bersih. rekomended"
5.0,3 tahun lalu,"Lokasi ada di deretan kafe kafe daerah Sorowajan, tempatnya lumayan luas tapi gak seluas yang di Condongcatur, review untuk makanannya nasi goreng cukup enak jamur crispy nya enak sih mendoan rasa nya b aja es teh nya suwegerr harga murah dibanding kafe kafe lain"
5.0,sebulan lalu,"Ini ada di jalan apa dah saya lupa. Intinya ada di pinggir jalan. Sekadar untuk ngobrol2, ini tempat pas banget. Harga makanan dan minumannya ga mahal. Buka dari... Sore apa ya? Saya lupa. Intinya, dia tutup jam 4 subuh. Marem ga tuh ngobrol ampe subuh2. Jadi kek ngeronda tapi di tempat ngopi. Kan ngapain juga."
1.0,6 bulan lalu,Pesan makan sop jamur 1 jam setengah blum jadi. Komplain pertama katanya prosesnya emang lama klo sop. Oke. Komplai kedua setelah 1 jam setengah ternyata blum di buat dg alasan mesin kasir eror.. ğŸ˜‚ğŸ˜‚ğŸ˜‚ ktika di komplain tidak ramah... ğŸ«£ğŸ«£ğŸ«£
3.0,3 bulan lalu,"Review jujur
Sebenarnya cafenya oke2 aja,
TAPI HARUS ADA YANG HARUS DIPERBAIKI TERUTAMA MUKENA MUSHOLAH, BAU KENCING TIKUS, SANGAT2 TIDAK LAYAK, SEPERTI MENGHINA SAYA PIKIR, CAFE SELUAS ITU MASAK MUKENANYA BAU BANGET. KALAU BAU ENGGK DI CUCI OKE, TAPI INI BENER2 ENGGAK LAYAK

TOLONG DIPERBAIKI......"
4.0,6 bulan lalu,Kesini pas ada event book fair Divapress
5.0,4 bulan lalu,"kafe cukup nyaman buat rapat, nugas, dll. parkirnya sangat luas, temoat nyaman, harga standar."
5.0,3 tahun lalu,"Tempat sangat luas, ada yang bangku kecil bangku rame rame ada juga yang lesehan, ada yang di luar ruangan juga.

Tempat nyaman, harga terjangkau, tempat parkir sangat luas, recomended buat nongkrong, ngopi, ngerjain tugas. Siap siap uang receh juga buat pengamen biasanya sering ada

Tempat mudah dicari"
4.0,2 tahun lalu,"Salah satu tempat nongkrong yg cukup enak, terdapat cabang di mana-mana, lokasinya di tempat yg cukup startegis, menu yg tersedia bervariasi dan hargahya cocok buat mahasiswa"
4.0,3 tahun lalu,"Ke sini waktu ada ngaji maulidan. Tempatnya luas. Untuk parkir ndak usah khawatir. Tempat duduk pun ada yang lesehan dan di kursi. Stopkontak juga tersebar banyak. Untuk makanan, mesti nunggu lama. Saking lamanya akhirnya minta buat bungkus aja. Pesen tahu walik 2 posti malah dijadikan 1 padahal yang pesan beda orang. Taste nasi gorengnya juga kurang. Gethuk goreng lumernya 6/10. Buat orang-orang yang ndak terlalu suka manis mending skip karena coklat lumer sama susu kental manisnya banyak banget. Kalau siang agak gelap. Kadang pas udaranya panas kipasnya kurang kerasa entah gimana. Karyawannya ramah.

Kalau buat nugas kurang cocok. Lebih cocok buat ngobrol haha hihi sama temen, pacar atau selingkuhan. Sering ada event ngaji atau literasi di sini. Parkir motor 2000, tapi kalau pas habis hujan biasanya ga ada tukang parkir. Oiya, bisa pinjem buku juga lho di sini. Gratissss"
4.0,sebulan lalu,"Kemarin kesini gara-gara ada bazar buku murah y
Tapi temen-temen pada makan di kafe"
2.0,2 bulan lalu,Tidak non-smoker friendly. Tidak punya area non smoking. Karyawan merokok di area buat minuman
4.0,6 tahun lalu,"luas, selalu ramai. enaknya buat nongkrong dan diskusi, kurang pas kalau butuh tempat yg menunjang konsentrasi. kamar mandi dan mushola kurang nyaman. tapi di kafe ini sering ada diskusi dan bedah buku. biasanya rame anak komunitas, anak sastra, filsafat atau ilmu sosial lainnya.
oya ada buku yg bisa dipinjam juga, jaminan kartu identitas aja. harga makanan murah. kopi start from 5rb euy. ada tahu bakso dan piscok atau arem arem kalo.masih beruntung hehe"
4.0,7 bulan lalu,"secara ambience ramai ya wak, karena cocok untuk mahasiswa yang kerja kelompok atau kumpul2 gt. harga terjangkau aman di kantong pelajar tempatnya duduknya banyak dan lumayan luas."
1.0,3 bulan lalu,Pelayan tidak ramah tidak sopan narok minuman seperti dibanting atau dihentakkan parah sekali tidak ramah cs tanya sopan jawaban nya ga enak didengar
3.0,setahun lalu,"Tempatnya bagus, luas, dan tempat duduknya banyak ada live music jg. Namun minus di pelayanan (ngantrinya lama banget), tidak ada sabun utk cuci tangan (saya tanya ke pelayan tidak ada), tisunya jg sedikit."
5.0,10 bulan lalu,"Kafe yang menurut saya enak buat nugas, parkirannya tertata rapi, harganya terjangkau."
5.0,6 tahun lalu,"Unik, pas untuk pecinta sastra. Bisa baca quote dari penulis legendaris dan tersedia perpustakaan. Tempat luas, suka dengan cemilan jamur crispy yang kriuk mantap."
5.0,2 bulan lalu,Terlalu nyatai disana. Puas dan cocok lagi dgn nama tempatnya Basa-Basi
4.0,5 tahun lalu,"Tempat luas. Parkir luas. Sangad cocok untuk sekedar nongki nongki atau mengerjakan tugas. Ada buku-buku bacaan. Ada wifi berbayar, 3K. Ada juga yang free. Ada tempat sholat juga. Toilet terawat. Hanya saja, tempat wudhu cowok cewek tidak dipisah. Sejauh yang saya coba, makanannya enak enak. Es rekomended: coklat ori. Harga sedikit agak mahal. Tapi masih bisa ditolerir, karena emang enaa'. Curcol: saya tambahkan foto dibawah jadi pengen sendiri:)"
5.0,3 tahun lalu,"Tempat asik dan nyaman buat nongkrong,tempat duduk banyak dan tempatnya luas,parkiran gratis dan luas.ada tempat lesehan dan disediakan stop kontak.untuk menu dam minuman bervariasi dari sup,pecel,nasi ayam,indomie,kopi,teh,nutrisari,dll.ada perpustakaan juga didepan kasir bagi yang suka membaca buku."
1.0,setahun lalu,"Buat mba kasir nya jangan jutek amat , ramah dikit dong, masa kasih sesuatu yg di minta customer pakai  tangan kiri ga sopan banget , jadi kasir tuh pondasi utama dalam outlet cafe , baru kali ini datang malam""  ke basa basi kecewa berat sama pelayanan nya , tapi untung pas pengantaran server nya ramah banget"
1.0,4 bulan lalu,"Makanan lama datang udah 1 jam setengah nunggu ga datang, malah yang baru dateng dikasih duluan.. Ga rekomen"
5.0,6 tahun lalu,"Kursi banyak. Enak buat ngobrol, ngerjain tugas dsb
Ada WiFi
Colokan listrik banyak. Ga khawatir lowbat
Kopinya wenaakk
Ada perpustakaan"
5.0,3 bulan lalu,"Makanannya enak, harganya pas di kantong mahasiswa. Pelayanannya juga sangat baik"
3.0,setahun lalu,"Nasi gorengnya hambar sekalii, sepertinya tidak beri garam :"")
Tempatnya sih cozy."
3.0,2 tahun lalu,"Mba kasirnya gak ramah. Tidak fokus melayani customer, banyak menjawab dengan kata ""apa"". Pelayanan kurang ramah dan kurang senyum.
Tempatnya semi outdoor jadi bebas rokok. Kalau malam ada live musik juga. Tersedia tempat parkir yang sangat luas."
5.0,10 bulan lalu,"Parkir luas, kapasitas tempat duduk banyak, makanan dan minuman sepadan rasa dan harga"
5.0,3 bulan lalu,"Tempat nya luas dan ada live musik , cocok buat nongkrong dan nugas"
5.0,setahun lalu,"Tempat parkirnya luas. Area dalam kafe sama toilet bersih. Harga terjangkau pastinya dan pegawai juga ramah. Menu kopi andalan sudah pasti AGM dari tangan handal sang barista Wahyu Morfem. Makanan juga enak, spesialis Nasi Goreng ditangani oleh Ayat Sobari-Irwan Sensei-Brosot Vespa, untuk Sop Ayam-nya di handle oleh Heri PUBG conqueror season 11 (silahkan dicoba sendiri). Untuk varian minuman dingin, Cheese Tea Taro. Selain itu, tersedia juga stopkontak untuk pelanggan. Sehingga jangan cuma pesan es teh saja kemudian duduk berjam-jam.

Dari banyak kalimat yang telah tertulis dan dari banyak hal yang telah kita simak bersama-sama, semoga apa yang telah saya sampaikan bisa menjadi manfaat wahai pemuda-pemudi.

Recommended."
1.0,setahun lalu,"pesen jam 22.00 masih kurang roti bakar tok, sampe jam 23.58 ga dateng dateng pdhl udah ditanya sampe 2x, mungkin karna roti bakar doang jd disepelein yaa?"
1.0,4 bulan lalu,Pelayanan lama. Pesan indomie dari jam 21.00 malam belum dianterin sampe 1 jam huft laparrrr
1.0,7 bulan lalu,"Kecewa berat dengan parkir, dulu masih 1.000 terus tiba-tiba naik. Saya ga tau itu retribusi daerah apa nggak? Cuma, seenggaknya kalau ga menjaga parkiran, nggak bantu keluar masuk motor, ga usahlah kayak tukang palak."
5.0,5 tahun lalu,Tempat nongkrong yang pas buat para mahasiswa yang suka berdiskusi dari malem sampe pagi dijamin bakalan betah disana apalagi tempat dan suasananya nyaman disana juga sering banyak acara acara diskusi dari pihak cafenya atau ada juga kayak acara rebana shalawatan...
1.0,5 bulan lalu,"Kasir e lohh pelayanannya gak mengenakan sama sekali cman lempar sana sini ga ada atidutenya

Karyawan aj banyak pelayanannya jelek!!!"
5.0,setahun lalu,"Parkir luas, menu makanannya jga enak semua dan paling fav ku tempo mendoan nya enak ga terlalu garing dan ga terlalu lembek."
1.0,5 bulan lalu,"Tolong ya wifinya di update. gabisa dipake sama sekali loh, buat anak kos yang pas2 an gini pengennya nyari tmpat ngopi yang murah eh malah wifinya gabisa dipake.
tempat elit wifi syulitt kalo pas ramee"
3.0,4 tahun lalu,Mungkin klo dikasih live musicnya gt bagus loh...klo nongkrong yg diluar g kedengeran suara musicnyaa...asik kok buat nongkrong gt..
4.0,6 tahun lalu,"Sebenarnya biasa saja. Namun yang membuat tempat ini memiliki nilai lebih adalah adanya space cukup luas bagi komunitas untuk melakukan diskusi dan area parkir yang luas. Menunya standar, dan pelayanan servernya tidak begitu ramah. Ada beberapa toilet yang bisa diakses pelanggan di belakang."
5.0,6 tahun lalu,Tempat nongkrong yang mahasiswa bangeetss harga sangat cocok.. dan penuh inspirasinya untuk mengerjakan berbagai kegiatan termasuk kumpul bareng sahabat2
5.0,2 tahun lalu,"Di tempat ini, ada live music setiap weekend, selain itu,tempat ini menyediakan berbagai macam buku bacaan yang anda bisa baca secara gratis ditemani secangkir kopi"
4.0,6 tahun lalu,"Disini sekarang jadi lokasi favorit baru anak muda di sekitaran sapen sorowajan plumbon dsb. Luas dan cocok buat nongkrong bersama temen temen. Biasanya juga ada acara seperti nonton bareng. Kajian islam, musik dll. Harganya juga murah. Ada wifi parkir luas juga"
5.0,5 bulan lalu,"Suasana enak dan semilir, menu banyak variasi, rasanya enak, gratis es teh sebelum jam 12.00"
4.0,3 tahun lalu,"Harga kopinya murah, makanannya mahal untuk kategori warung kopi. Ditambah lagi kamar mandi kurang bersih. Dengan pelanggan yang banyak,  membersihkan kamar mandi seharusnya lebih intens."
5.0,3 bulan lalu,tempatnya enak buat nugas! soalnya banyak kursi dan luas
5.0,7 bulan lalu,tepatnya nyaman parkir luas ada live music sayang antrian pelayanan makanan dan minuman terlalu lama di tingkatkan
1.0,setahun lalu,"Tolong Pak Edi, manajemen dan Karyawan diperhatikan. Di training.

Pesen Kopi Ambyar...
Es Teh dan Wedang jeruk rasane gulo tok!!!"
5.0,5 bulan lalu,Enak buat nongkrong anak anak muda
5.0,setahun lalu,Kondang buat kalangn mahasiswa under 25-30. Harga terjangkau.
4.0,sebulan lalu,Suasana menyenangkan..
4.0,7 tahun lalu,"It's a cozy cafe with a lot of books. That's the point yang bikin nyaman, banyak buku dan novel. Jadi bisa nikmatin waktu itu ga melulu sama gadget atau smartphone tapi sama buku juga. Tempatnya lumayan luas tapi emang kalau siang agak panas sih but so far ga ganggu."
5.0,6 tahun lalu,"saya menyebutnya ini tempatnya mahasiswa zaman now. dilengkapi dengan kebutuhan mahasiswa mulai perpustakaan, wifi gratis, wifi bayar, tempat luas, sampai parkir gratis. Mantap untuk basabasi"
4.0,6 tahun lalu,"Tempat asik buat nongkrong, rame trus. Ada buku yang bisa buat baca-baca, banyak stopkontak juga, tempatnya luas & kopinya lumayan"
5.0,6 tahun lalu,Kafe yang puitis kafe yang melahirkan banyak inspirasi. Kafe yang sangat recommended banget buat mahasiswa yang ada di jogja. Semoga terus bisa melahirkan banyak ide motivasi dan inspirasi
3.0,5 bulan lalu,"Suasana sebenernya sudah nyaman. tapi karena di samping meja ada, yang brisik banget jadi tidak nyaman. GANGGU BGT.. ğŸ˜”ğŸ˜–"
3.0,5 tahun lalu,"Saya pesan jahe panas, tapi kurang panas, di bawah hangat. Suhu kafe ini, terutama di siang hari, tidak sejuk karena atapnya terbuat dari seng. Kecuali kamu duduk di kursi dekat kipas angin dipajang. Kemungkinan besar, kalau hujan pun akan menimbulkan suara yang cukup berisik. Ruangannya luas. Tempat duduknya sederhana seperti tempat duduk di SD saya dulu (tahun 2001-2006). Murah meriah untuk ukuran mahasiswa. Ada fasilitas wi-fi gratis, tempat duduk lesehan, musholla, perpustakaan dan toilet. Kafe ini juga menyediakan camilan bungkusan seperti kacang polong, aneka krupuk, pisang coklat dan lain-lain. Saya suka gambar mural warna-warninya, juga (untuk saat ini) daftar putar lagu dangdut koplonya. Terima kasih. Kamu (dan teman-temanmu) boleh coba nongkrong di sini. Siapa tahu cocok dengan suasana dan menunya."
5.0,6 tahun lalu,"Bagusss deh untuk nongkrong bareng-bareng sama temen atau buat ngerjain tugas kuliaahh....
Parkirnya juga gratis, terus luaaaass banngggeettt. Recomended"
5.0,7 bulan lalu,"menurutku dengan harga seterjangkau ini, sangat worth it banget, soalnya kamar mandi selalu bersih, mushola bersih.. betah banget garap tugas disini"
5.0,8 bulan lalu,"Salah satu cabang basa-basi yang dekat dengan persawahan maupun permukiman dengan pelayanan yang hampir sama seperti cabang - cabang yang lain.

Rasa kopi yang sama standar nya, koleksi buku yang menarik, wifi yang cukup mumpuni, dan parkir yang luas."
5.0,11 bulan lalu,"Guys, gue baru aja mampir ke kafe ini dan bener-bener nyaman banget atmosfernya! Apalagi sekarang mereka punya lokasi baru di belakang, jadi gak lagi sumpek kayak dulu deh. Nambah semangat buat nongkrong lama-lama di sini!

Untuk rasa makanannya, gue kasih bintang oke deh! Cocok banget sama harganya, gak kecewa deh. Plus, parkirannya luas banget, jadi gak perlu repot cari tempat parkir. Dan yang paling gue suka, pelayanannya cepet banget! Jadi gak perlu nunggu lama buat pesanan dateng. Mantap lah pokoknya!"
5.0,5 tahun lalu,"tempatnya rame, fasilitas lengkap mulai dari parkiran, mushola, buku untuk dipinjam, stop kontak. disini juga rutin ada acara diskusi atau pentas musik. tapi kalo mau kesini pas ada acara mohon datang beberapa jam sebelum acara dimulai untuk bisa dapet tempat duduk didalem."
5.0,5 tahun lalu,"Nyaman, tmpatnya luas banyak tmpat duduk. Disaranin duduk diluar supaya gk sumpek.. cas'an ada buanyak. Toilet dan tmpat sholat ada..
Buat harga, sangat ramah dikantong..
Buat nongkrong anak muda enak kalii.."
5.0,3 tahun lalu,Tempata nongkrong dikala bersama teman-teman. Harga murah dengan menu-menu yang bervariasi seperti warmindo/burjoan. Minuman dan makanan semuanya enak. Tempat luas dan parkir luas
5.0,5 tahun lalu,"Tempatnya luass, ada free wifi, parkirnya gratis, parkirnya juga luas banget.. setauku ada 4 cabang kalo ga salah.. ada di gowok, uad, nologaten sama deket deket upn.. harganya standar.. tempatnya banyak colokan.. ini surganya mahasiswa sihh.. buat skripsian oke.. nongkrong oke.. atau cuma buat sekedar basa basi juga okey.. rekomended"
3.0,6 tahun lalu,"Cafe dengan kapasitas tempat yang sangat luas, kalau rame rasa dari minuman maupun makanannya jadi biasa banget malah cenderung asal jadi. Kalau hujan sangat berisik, karena tembat ini beratapkan sejenjs seng. Untuk harga sih gaada masalah, sorry to say terkadang juga kalau rame mbak kasirnya (mbak kasir yang gapake hijab dan kacamata) jadi agak judes, tapi kalo bukan mbak yang itu kasirnya ramah semua kok."
5.0,6 tahun lalu,"Tempat nongkrong yang recomanded banget  buat mahasiswa yang kantongnya paspasan, buat pecinta buku disini juga nyediain perpustakaan, buat pecinta bola bisa kok nonton bola idola kalian bareng bareng, buat pecinta game online jangan khawatir ada wifinya juga kok, biasa ada acara diskusi dan ngopi -ngobrol pintar- juga,"
4.0,4 tahun lalu,"Tempat nongkrong kuliah sering makan, ngrumusin ide bareng temen temen. Ada dua tempat, bisa di luar bisa di dalam. Ada mushola, tiga kamar mandi. Gatau kalo cape bisa istirahat engga. Tadi fasilitas lumayan kan, di tambah  mini perpus. Oh ya kabelnya juga."
3.0,3 tahun lalu,maaf saya kasih 3â­tempat luas.nyaman tp buat makannya harga standar tp makannya gk standar.sama harganya dan rasa nya maaf ya
5.0,5 tahun lalu,"Kafe basabasi paling menyenangkan, soalnya tidak ada bayar parkir ğŸ˜‚
Ada musholla, tempat lesehan maupun duduk ada. Menu variatif, makanan minuman enak. Harga standar anak kos.
Asa wifinya juga.
Selalu rame karena memang asyik suasananya.
Kerenn."
5.0,11 bulan lalu,"Sering sekali kesini karena emang yang paling deket sama kos dan temenÂ² selalu ngajak nongkrong disini. Untuk suasananya sih oke parkirannya juga luas. Untuk pelayanannya biasa saja, pelayannya jarang senyum datar semua mukanya. Untuk kualitas kopinya kalo kopi cangkir rasanya pahit dan ada kecutnya apa karena harganya cuma 8k jadi rasanya juga tidak terlalu enak, dibanding kopi disini lebih enak kopi di cabang nologaten. Entah setiap cabang emang beda kualitas kopinya atau bagaimana tapi menurutku kopi disini tidak rekomendasikan sama sekali"
4.0,2 tahun lalu,"Tempatnya lumayan nyaman, karena yang membuat nyaman sedang tidak disiniğŸ˜­ğŸ˜­"
1.0,6 bulan lalu,"makanan gk enak, beli ayam bakar cuman kayak ayam di kecapin. mana ayamnya keras. nasi goreng juga gk enak. pelayannya gk slow"
4.0,6 tahun lalu,"tempat nongkrong paling oke, buka 24 jam, selain ngopi, kita juga bisa membaca buku di perpustakaan basa basi yang menyediakan buku berkualitas, untuk toilet dan mushalla sangat nyaman dan bersih, sangat cocok bagi yang ingin nongkrong atau rapat."
4.0,6 tahun lalu,"Lokasinya sekitar 15 menit dari Malioboro dengan motor. Tempatnya luas, terbuka, jadi bisa ngerokok dengan bebas.

What I like from this cafe is, dilengkapi dengan perpustakaan, jadi kita bisa baca sambil menikmati makanan dan minuman yang terjangkau. Tempatnya unik, dikelilingi poster sastrawan dengan kutipannya masing2.

Banyak gelar wicara sastra dan kepenulisan yang diadakan disini.

Kopi tubruknya original, nasi gorengnya enak. Dan, banyak pilihan lainnya.  Cocok untuk mahasiswa yang lagi kuliah di Jogja."
5.0,3 tahun lalu,"Tempatnya luasssss...rameee...banyak org yg nongkrong disini, pilihan menunya banyak tpi harus sabar nunggu pelayanaannya karena emg sebanyak ituu woyy yg Ã±ongki disanaa"
5.0,4 tahun lalu,"Penambahan luas lahan membuat Kafe Basabasi semakin menyenangkan. Walau kelemahan dari konsep tempat duduk outdoor seperti ini adalah di waktu hujan. Tetapi ketika tidak hujan, tempat duduk ini terasa cukup nyaman, karena tinggi dan sejajar dengan meja. Kafe Basabasi juga seringkali mengadakan event kecil, seperti diskusi buku, atau diskusi sastra dan lainnya. Tempat ini tentu sangat cocok untuk rapat dengan anggota organisasi atau kelompok, bahkan untuk mengerjakan tugas atau hanya sekadar nongkrong bersama teman, atau pasangan. Kafe Basabasi ramai sepanjang hari, tetapi akan bertambah ramai ketika malam tiba."
5.0,6 tahun lalu,Tempatnya kongkow-kongkow dan bercerita dan canda ria bersama teman dan kawan seperjuangan dengan basabasi entah tiada akhir
5.0,2 tahun lalu,"Nongkrong friendly, jamur crispy nya enak banget tapi sering sold"
5.0,2 tahun lalu,Tempatnya cocok buat pelajar dll
5.0,6 tahun lalu,"Cafe literasi yang murah nyaman dan bisa pinjem buku disini, enak untuk baca buku, atau hanya sekedar nongki nongki hepi"
4.0,7 bulan lalu,Rameee bgt. Wajar ya krn untuk kalangan mahasiswa. Pesan minum datangnya lumayan lama. Untuk cafe latte lumayan enak.
5.0,4 tahun lalu,"Tempatnya nyaman, harga makanan & minumannya terjangkau, dan yg paling penting toiletnya bersih."
5.0,2 tahun lalu,tempat cukup nyaman rame dan syahdu... yg penting colokan tersedia
2.0,4 bulan lalu,Pisang goreng 1 jam baru dibikin dari hujan reda hujan reda hujan reda hujan lagiğŸ˜‚
5.0,7 tahun lalu,"Entah kenapa, suka banget nongkrong disini.

Recomended juga sih buat kaum qismin, soalnya wifi nya mayan kenceng dan gratis, hheehehe ~

Minus nya cuma satu, parkiran nya kurang rapi."
5.0,7 tahun lalu,"Asyik buat kumpul-kumpul, diskusi, bicarakan buku... Tempat ini biasa dipake utk kuliah umum dan seminar ttg buku... Keren dah pokok nya... Bisa sbg ajang mencari jodoh juga lho... Wkwkwk"
1.0,setahun lalu,"Makannya ga bersih dan higienis, masallah masak ada ulatnya ğŸ¥¹ğŸ¥¹ğŸ¥¹ğŸ¥¹"
5.0,2 tahun lalu,"Tempatnya nyaman. , Cocok buat kumpul organisasi. Tapi untung mengerjakan tugas kurang soalnya reme jadi kurang fokus."
5.0,6 tahun lalu,"tempatnya luas, banyak colokan listrik. selain jual kopi juga jual makanan. tersedia voucher wifi per tiga jam. tempat nongkrong asik buat kerja atau diskusi."
5.0,9 bulan lalu,"Tempatnya sejuk dan nyaman. Untuk minum saya disini susu coklat 7 ribu harganya. Rasa standar susu coklat, tidak terlalu terasa susunya."
4.0,5 tahun lalu,"Tempat nongkrong luas, harga makanan dan minuman terjangkau, disediain banyak buku bisa untuk bacabaca ditempat gratizzz, pilihan menu juga banyak"
5.0,5 bulan lalu,"the besttt, panjang umur berkah kafe kafenya kang Edi ..."
5.0,4 tahun lalu,"Siapa sih yang enggak tau basa basi, cabangnya banyak bangettt, apalagi di deretan tempat ngopi di sorowajan ini.
Menunya banyak dan enak sih, yg suka baca buku bisa sambil baca ngopinya, yg mau rapat, nugas, ngacara semua bisa bgt !!"
5.0,6 tahun lalu,"Lokasi mudah diakses
Tempat sering crowded
Parkir luas
Seiring ada kegiatan
Asik suasananya dan saya suka tata letaknya"
5.0,3 tahun lalu,"Tempat luas, nyaman, cukup ramai sih, tapi tetep kedapetan tempat kok. Harga standar, kopi susunya mantapsğŸ‘ğŸ¼"
5.0,5 tahun lalu,Rame banget ada Habib Husein. Terima kasih kafe basa basi untuk kesempatannya.
5.0,5 tahun lalu,"Tempat luas, menu banyak pilihan, harga lumayan terjangkau"
5.0,4 bulan lalu,tempat asik buat santai bareng temanÂ² sambil gitaran
5.0,3 tahun lalu,Tempat diskusi sedari pertama di Jogja. Kopinya enak murah meriah.
4.0,3 tahun lalu,"Bagus, sepi, cocok buat nugas, parkir luaasss, tempat luaasss, tmpt duduk jg byk, syaangnya kalo ke sana siang panas bgt, kipasnya dikit"
4.0,7 tahun lalu,Menu standar. Agak berisik. Harga cukup murah
4.0,5 tahun lalu,"Tempatnya nyaman, asik juga buat nongrong sama teman2"
5.0,setahun lalu,Tempatnya luas dan seni outdoor
1.0,11 bulan lalu,"makanannya sih oke, suasana juga aman, tapi pelayanan dari mba"" yg di kasir kurang memberikan rasa nyaman kepada pelanggannya karena terlalu jutek"
4.0,7 tahun lalu,"Terlalu crowded, kurang cocok buat ngobrol, waiter perlu ditambah"
4.0,setahun lalu,Kecepatan internetnya mungkin bisa distabilkan. Kebetulan saat menggunakan Wifi-nya putus nyambung
5.0,setahun lalu,"plus (+) : baru kali ini ada kafe yang muterin lantunan sholawat nabi, toilet bersih, harga terjangkau, parkiran luas, wifi lancar jaya, pelayanan ramah, stop kontak tersedia, mushola bersih, buat nongkrong dan nugas oke sekali.
minus (-) : sejauh ini belum nemuin.

[pure review]"
4.0,6 tahun lalu,Rame dan rekomendasi buat yang suka nobar rame dan murah meriah bagi mahasiswa
3.0,setahun lalu,"Makanannya so-so. Yg bikin masalah adalah pelayanan kasirnya. Gatau siapa pokoknya mbak mbak pake jilbab. Shift sekitar jam 18.45 (senin, 11 maret 2024). Fokus main hp terus, jutek bet jutek."
5.0,6 tahun lalu,Kafe yang rutin dijadikan tempat untuk kajian bagi mahasiswa
4.0,6 tahun lalu,Enak buat nyantai dengan parkir yg luas dan gampang dijangkau.
5.0,5 tahun lalu,"Enak tempatnya buat nongkrong, nugas, diskusi, food and drinknya mantap dan harga mahasiswa banget, kopinya mantap"
5.0,5 tahun lalu,Makanan ada kopi ada rokok ada asbak ada kursi ada meja ada tinggal santai saja laah.
5.0,5 tahun lalu,"Kedai kopi murah meriah. Tempat luas, parkir mudah, harga murah fasilitas komplit..mantapp"
4.0,2 tahun lalu,"pesen nasi goreng, tapi rasanya agak hambar. mungkin kebetulan aja yaa. sekarang tempatnya makin luas, bagus juga. kemarin pas disana hujan deres banget, air hujannya sampai ke dalam area joglo, dan banjir. mungkin fasilitas bisa ditambah, untuk menghalang air yang tampias. terima kasihğŸ™ğŸ»ğŸ™ğŸ»"
3.0,setahun lalu,"Makanan bintang 3 karena pas pesen mi dok-dok telur, telurnya keasinan...
Kopinya OK perbandingan antara kopi dan susunya pas gak bikin eneg dan gak terlalu manis... Rasa kopinya tidak hilang...
Cemilan kentang goreng biasa aja karena bahan yang digunakan kualitas biasa...
Mendoannya cukup enak...
Saran tingkatkan lagi kualitas rasa makanan..."
5.0,3 tahun lalu,Tempat nongkrong yang enak dan nyaman bersama teman-teman
5.0,4 tahun lalu,"kopi nya mantap . banyak pilihan sesuai selera.
parkir luas . ada mushola toilet"
3.0,setahun lalu,"Tuk makanan enakan di warmindo biasanya jauh.....
Pesan mie rebus pedes pake telor jadinya mie rebus benyek hambar tanpa sayur apa lg cabe tidak sesuai permintaan..."
4.0,7 tahun lalu,"Tempat cocok buat para mahasiswa karena harganya pas buat kantong mahasiswa, bisa nobar buka 24 jam."
5.0,setahun lalu,Tempat nyaman untuk kongkow bagi mahasiswa
4.0,6 tahun lalu,"Tempat yang asik tuk menikmati secangkir kopi sambil membaca buku gan, apalagi pas hujanÂ² ğŸ˜Š *beauty moment"
3.0,setahun lalu,"sabtu, 28 oktober jam 28.40
kasirnya jutek parah, ngelayani ogah ogahan. kepala di naikin kaya orang sombong :â€™ nangis banget masa pelanggan lebih ramah daripada kasir wkwk"
5.0,setahun lalu,"Tempat luas. Ada tempat parkir, murah.
Makanan murah. Harga cukup.
Menu lengkap.
Minuman enak. Lengkap"
5.0,sebulan lalu,"Tempat nyaman, ada sofa nya. Harga standart. Wifi gratis tinggal minta kode"
5.0,4 tahun lalu,Mantappp syahduuu nongkrong bareng temen ğŸ˜…
5.0,6 tahun lalu,"salah satu kedai  coffe yang saya rekomendasikan bagi anda untuk tempat nongkrong, mengerjakan tugas, pertemuan dengan teman dan sahabat. koneksi internet yang cepat, tempat yang luas dan lahar parkir yang luas juga. anda tidak perlu kawatir dengan restribusi parkir untuk roda dua dan roda empat karena disini gratis. meja dan kursi nampak sederhana terbuat dari kayu mirip bangku sekolah, disini anda juga bisa membaca buku yang tersedia secara gratis cukup konfirmasi kepada petugas yang berjaga. harga voucher internet yang murah cepat namun jika anda tidak beruntung anda dapat kehabisan voucher internet karena banyak pengunjung."
4.0,6 tahun lalu,"Asik buat nongkrong, baik lagi gabut atau diskusi. Buat ngerjain tugas juga okeğŸ˜"
3.0,6 tahun lalu,"Ruang yang luas, pelayanan yang cepat dan yang paling unik ada beberapa buku yang bisa jadi teman ngopi."
4.0,2 tahun lalu,"Tempatnya luas, pencahayaan kurang jadi terkesan suram. Menu lumayan banyak, rasanya lumayan, harga terjangkau. Untuk nongki sih oke, apalagi buat anak muda misal mau nugas, karena ada fasilitas charging juga, live musik juga ada."
5.0,6 tahun lalu,"Tempat nongkrong dan kumpul2 yang asyik. Tempat ini menyediakan aneka ragam tempat kumpul. Mulai dari indoor, outdoor bahkan lesehan. Ada juga disini tersedia perpustakaan mini yang memiliki koleksi kurang lebih 100 buku. Tempat parkirnya luas dan mudah di jumpai karena letaknya di pinggir jalan. Tersedia berbagai macam menu makanan maupun minuman yang harganya cukup terjangkau di kalangan para pelajar. Tersedia juga free wifi dan voucher wifi. Untuk saat ini seharga 3000/3 jam. Dan untuk kecepatan wifi gratisnya kondisi normal up to 1,1 Mbps untuk kecepatan wifi voucher kondisi normal bisa up to 3 Mbps.
Tempat ini buka dari jam 08.00 pagi - 04.00 pagi lagi."
3.0,3 tahun lalu,"Tempas luas, parkir juga luas.
Cocok untuk tempat diskusi atau nugas yang perlu wifi dari pagi sampai malam.
Ada mushola dan bukuÂ²nya juga.

Tempat kurang perawatan, kebersihan kurang karena datang masih pagi meja kotor lengketÂ² bekas tumpahan kopi.
WC seadanya.
Beberapa meja bolong dan tidak semua spot ada stop kontak.

Menu rataÂ² biasa aja rasanya.
Snacknya kadang melempem masih dijual. Barangkali snackÂ² bisa dicek dengan diraba apakah masih layak atau tidak."
4.0,3 tahun lalu,"Tempatnya luas paskirannya rapi, harga makanan dan minumannya ya lumayan lah. Untuk rasa tergantung selera. Ada beberapa makanan yang menurut saya enak, ada yang biasa saja, dan ada yang tidak enak.
Tapi disini saya tidak suka banyak asap rokoknya. Tidak dibedakan kawasan merokok dan kawasan bebas asap rokok sehingga tidak recommended untuk orang yang tidak suka asap rokok seperti saya.
Saat malam hari justru banyak pengamen yang mengamen disini, dan menurut saya itu mengganggu suasana kebersamaan saya dengan teman-teman."
5.0,setahun lalu,"Kemarin kesitu pas waktu puasa, gratis jadinya, pesen nasi goreng sm es teh"
5.0,6 tahun lalu,Tempat nongkorng yg luas ya basa basi. Dan aku bisa masak gini krn sering nongkrong.he..hee
4.0,4 bulan lalu,"Untuk layanan, para pelayannya tidak ramah."
3.0,setahun lalu,"Secara makanan, harga dan suasana standar cocok untuk mahasiswa nugas dan diskusi, untuk pelayanan kurang baik terutama mbak kasirnya yg kurang ramah dan cenderung tidak cocok jadi front of house nya."
2.0,2 tahun lalu,"Dulu pernah mampir berkali2 ke sini sekadar mampir dan nongkrong bareng temen. Suasana asyik, makanan oke. Minusnya cuma satu: pelayanan kurang. Kalo pesan, cukup sekali saja. Tidak rekomendasi pesan berkali2. Karena pesan yg kedua dan seterusnya, meski kita sudah bayar, ga diantar. Padahal cafe tidak terlalu rame. Sudah menunggu hingga 3 jam, akhirnya pulang saja. Saya berpikir positif, mungkin bahan baku habis. Di antara semua kafe Basa Basi, di sinilah pelayanan yg kurang bagus. Mohon maaf, lain kali di tingkatkan demi kenyamanan pelanggan.
Oh ya, ternyata kafe Basa Basi tempat lain pelayanannya jauh lebih memuaskan, misal yg di UAD, atau Nologaten. Kalo diminta membandingkan, di sini urutan terakhir.
Kalo diminta ke kafe Basa Basi, saya cenderung ke Basa Basi Nologaten atau Basa Basi Concat, bila di area situ. Okelah pelayanan kurang hanya sekali. Tapi bila berkali-kali, itu tidak bagus. Mohon diperbaiki ke depannya"
4.0,5 tahun lalu,"Tempat yang enak untuk sekedar nongkrong dan mengerjalan tugas. Tersedia kursi yang banyak dengan parkiran yang luas. Terdapat pula ruang khusus lesehan. Fasilitas yg di tawarkan kamar mandi 4 unit dan mushola. Kamar mandi lumayan bersih, musholanya  lumayan besar bisa menampung sekitar 5-6 shaf dengan asumsi 1 jenis kelamin yg sholat namun untuk menampung jumlah pengunjung jika ingin sholat bersamaan agak kurang (contoh sholat maghrib sehabis buka puasa). Disini juga bisa mengadakan acara pengajian atau seminar dengan menghubungi pihak kafe. Terdapat juga berbagai jenis buku bacaan dikemas dalam bentuk perpusatakaan yg bisa dibaca di tempat."
5.0,setahun lalu,"Tempat luas dan nyaman untuk santai ataupun ngobrol kerjaan.

Kalau mau lenggang datang jangan malam hari karena bakal banyak orang disana."
3.0,6 tahun lalu,"Hingar bingar warung kopi rakjat. Mari, merapat!"
5.0,3 tahun lalu,"Murah, luas tempatnya, cocok buat nugas, nongki dll"
5.0,6 tahun lalu,"Tempat yang luas di bawah satu atap. Outdoor juga ada. Parkir luas dan gratis. Kamar mandi (toilet)-nya... BERSIH COY, bikin betah berlama-lama di dalamnya. Tempat salat, ada. Ada beberapa koleksi buku diva yang bisa dipinjam buat konco ngopi kalau sendiri, hanya dengan menggadaikan kartu identitas. Owner-nya ramah. Apalagi ya? Cukup okelah. Oh ya, harga juga oke buat kelas mahasiswa/i.

Yang kurang? Apa ya? Mungkin musik kali ya? Iya, suara musik yang selalu terdengar selama cafe buka mungkin yang agak mengganggu pelanggan seperti saya dan beberapa yang lain. Pertama, selera musik tiap orang berbeda. Kedua, volumenya kadang agak dan bahkan terlalu keras sehingga mengganggu. But that's ok. Namanya juga tempat umum.. ya kita harus maklum dong.

Terruuuuus... wifi Pak Bos. Andai wifi bisa dinikmati gratis oleh pengunjung... alangkah indahnya hidup ini. Tapi 3000 perak untuk 3 jam itu juga sudah cukup terjangkau sih."
4.0,5 tahun lalu,"parkiran luas, tempat duduk banyak tinggal pilih mau meja kursi atau lesehan,colokan listrik melimpah jd ga perlu pusing kehabisan batre, pilihan makanan dan minuman oke relatif terjankau soal rasa standart,"
5.0,5 tahun lalu,"Nyaman, luas, harga standart mahasiswa."
4.0,5 tahun lalu,"Buat para anak nongkrong yang sukanya senang-senang, ketawa ketawa, dan nyanyi-nyanyi sih cocok banget. Harga mahasiswa, parkir luas gratis pula.

Tapi buat para pekerja kreatif ga cocok, karena terlalu rame dan berisik, sehingga kurang fokus."
1.0,setahun lalu,"Beli kopi 10rb, kehilangan 1jt, Baru saja kehilangan couple helm Zeus, mana karyawan ga ada itikad buat ngebantuin cari atau apalah ngecek cctv aja katanya rusak, ya mungkin bisa ditambah CCTV, admin tukang parkir atau setidaknya penjaga untuk meningkatkan keamanan. Tetap berhati-hati kawan, tidak semua orang berhati baik."
4.0,4 tahun lalu,"Pelayanan ramah, sopan dan santun.
Harga pas untuk budget Mahasiswa."
5.0,6 tahun lalu,"Disini tempat kongkow dan bercerita, saya pesen jus mangga"
5.0,9 bulan lalu,Masak nasgor minyaknya banyak amat yak. Tolong lebih diperhatikan kualitas makanan nya.
3.0,4 tahun lalu,"Parkiran luas, tempatnya ada yang buat duduk lesehan (tapi bukan dibawah, jadi tempatnya diatas buatan beton tinggi gitu dan tingginya agak setara sama yang duduk di tempat kursi,/cenderung agak lebih tinggi sedikit). Ada kipas angin juga di beberapa tempat. Kemarin kesana pas cuacanya panas banget, dan duduk lesehan. Tapi tetep ngerasa gerah."
5.0,5 tahun lalu,"Cafe andalan klo mw ketemuan/kumpul sama teman2. Termasuk ini ketemuan sama senior kampus angkatan 2002 juga masih asik aja.
Menu andalan tiap kesini tuh kopasus+es teh jumbo. Banyak menu yang di tawarkan disini. Dari menu berat sampai menu ringan/camilan seperti mendoan dll. Harganya sudah pasti pas di kantong mahasiswa. Tp tenang sj rasanya gak pas2 an kok. Rasa nya beneran asli enaknya.
Karena buka 24 jam mw pagi atau malam tetap enak buat ngopi.
Ow iya dsni juga di sediakan buku-buku bacaan biar bisa ngopi sambil baca ,lumayan untuk nambah2 ilmu.
Kalau mau malam mingguan disini harus lebih awal datangnya krn biasanya penuh,sampai gak kedapatan kursi. Ntah mngkin harus nambah meja kursi lagi mungkin buat pengelolanya.ğŸ˜"
5.0,3 tahun lalu,"Rekomendasi sekali untuk mahasiswa dengan budget yang minimalis, dan sangat terjangkau harganya. Dengan pilihan berbagai makanan, minuman, serta tambahan perpustakaan kecil di salah satu sudut ruangannya."
5.0,7 tahun lalu,Enak buat ngobrol dengan teman atau membaca buku yang sudah disediakan
5.0,2 tahun lalu,"Tempat ngopi yg nyaman. Terharu banget pas aku sama temenÂ² ngerayain ultahnya salah satu temen dsna, karyawannya tanpa diminta langsung muterin lagu selamat ulang tahun dengan excited. Suka dengan effort itu. Makasih Basa Basi ğŸ˜â¤âœ¨"
5.0,setahun lalu,luas banget cocok buat ramean
5.0,6 tahun lalu,Semanis dan sepahit hidup kopi ini menemani malam ku dengan sebats sambil menikmati keakraban dengab bercerita
5.0,5 tahun lalu,Josss sekali enak kopinya.
5.0,3 tahun lalu,"Tempat nyaman unt kongkowÂ², harga mahasiswa....."
4.0,6 tahun lalu,"Kalo misalnya buat mahasiswa, ini asik bgt. Harganya relatif ramah kantong mahasiswa. Ada jugabuku buku bacaan disediakan biar gak gabut. Parkirannya gede. Toiletnya cukup bersih.

Minusnya,
Beberapa makanan/minuman rasanya gak pas. Milkshakenya kemanisan, misalnya.

Kalo duduk di bagian sampingnya basa basi yang agak belakang, yg dekat tembok pembatas dgn Kebun Laras, itu sebaiknya jgn. Soalnya itu kayaknya entah berbatasan dengan Salah satu toilet KL, atau septic tank nya mereka yg kurang bagus, entah gimana. Yang jelas aromanya gak enak."
5.0,4 tahun lalu,Lumayan buat berkegiatan santai disini
4.0,6 tahun lalu,"Tempatnya enak untuk nongkrong, ada yang di meja luar ada juga yang di meja dalam. Harga makanannya standar untuk sebuah kafe. Tersedia buku bacaan bagi pengunjung yang ingin membaca. Dan tempat ini bisa disewakan untuk acara seminar, kajian, diskusi, atau penampilan. Overall rekomended tempatnya untuk nongkrong ğŸ˜"
4.0,3 tahun lalu,"Ada coffee beer disini. Asli Jombang.
Dingin lebih enak."
5.0,5 tahun lalu,"Tempat nongkrong asik bareng kawan-kawan. Parkiran gratis, sangat luas. Makanan dan minuman cukup murah dan merakyat.Terdapat fasilitas toilet dan mushola. Sering mengadakan diskusi buku dan acara musik. rekomended buat mahasiswa yang hobi diskusi. Tempatnya juga dekat dengan pusat kota. dekat dengan beberapa perguruan tinggi seperti UIN, APMD, Akprind dll"
5.0,5 tahun lalu,"Nyaman, ramai, enak juga mulai dari makanan sampai minumannya, tempat shalat jembar alias lebar, ada perpustakaanya yang suka bacaaa bisaaaa, wifi gratis, harga bersahabat dehh pokoknyaaa"
4.0,2 tahun lalu,"Perlu ada mekanisme pelayanan makanan karena ada meja yg jauh dr kasir dan hanya bisa memesan langsung ke meja kasir.

Jadi kalo pas hujan, ya bisa basah karena harus jalan jauh ke kasir."
1.0,4 tahun lalu,"Ruangan tidak nyaman, tapi cocok bagi pecinta rokok, kotor.
Pelayanan bad banget, dari kasir sampe waiter'snya. Ga ada ramah2nya blass. Kurang sopan sih menurut aku. Seharusnya bagian pelayanan menerapkan sistem 3S. Tapi ini kagak sama sekali. Malah angkuh. Padahal kita sudah tanya/pesen dengan cara baik-baik, tapi waitersnya suka sewot.
Thanks, semoga bisa diperbaiki"
4.0,4 tahun lalu,"Tempat kongkow dan bercerita yang jangan sampai dilewatkan kalau udah ke Jogja. Sangat inspiratif selain untuk tempat kongkow biasanya juga ada event menarik seperti bedah buku bersama para dosen, para kyai dan banyak lagi. Harga bersahabat, rasa makanan Ra sah digugat"
4.0,4 tahun lalu,"+ Tempatnya bagus dan luas, ada indoor dan outdoor
+ Tempat parkir luas
+ Menu bervariasi
+ Harga makanan dan minuman relatif terjangkau
+ Rasa makanannya biasa aja
+ Free WiFi, tapi lemot

- Banyak pengamen liar, mengingat dari spot outdoor langsung berpapasan dengan jalan umum"
3.0,4 tahun lalu,"Karena memang yang dituju adalah spot buat nongkrong dan diskusi yang agak lama gitu, jadi kalau dinilai dari makanannya ya biasa-biasa aja. Harga makanan cenderung mahal ya walaupun ada semacam minimarket cemilan-cemilan gitu di depan kasir. Ala burjo tapi di sini penyajiannya sungguh lama sekali.. bisa deh hampir setengah jam.."
5.0,5 tahun lalu,Nyaman dan luas..cocok untuk ngobras harga relatif murah..
5.0,5 tahun lalu,"Tempat kopi yang penuh dengan kenangan, bisa di bilang ini adalah suatu kenangan manis yang susah untuk dilupakan saat mencoba jamuan kopsu yang tersedia di menu kafe Basa-basi Sorowajan, kepahitan tentang kopi ini berada di ujung sang lidah, dalam artian kepahitan kopi ini ingin ku kenang namun terlalu indah untuk dilupakan, saat mataku melirik ke arah pemesanan, karena banyaknya buku-buku yang membuatku betah, dan ingin bercinta dengannya, sampai berada level kesadaran.. Selain itu, tempat ini sangat cocok bagi orang yang merasa dirinya sedang jauh dengan Do'i dan kangen akan sapaanya, karena di tempat ini pelayannya sangat baik dan amat menggoda, rasanya ingin memilikinya, tapi mungkin susah ğŸ˜ğŸ˜, bisa jadi kalau anda sering datang, kemungkinan bakal jadian.ğŸ˜…ğŸ˜… Segera tempatnya sangat mendukung, dan harganya standard, tidak sampai 10k untuk menikmati kopsu. Fasilitaspun juga lengkap ; musholla, WC, cermin ( lumayankan), dan parkirnya juga tidak dipungut biaya, alias Gratis."
1.0,setahun lalu,"mbak mbak bocil yang jadi kasir tidak ramah, orangnya males ditanyain males ngejawab, cafe basa basi kalo milih karyawan jangan asal comot orang dong."
1.0,setahun lalu,Pak Edi tolong/manajer basa basi manajemen SDM diperbaiki. 0 attitude hampir di semua cabang kafe basa basi. Bikin risih dan gak nyaman kesini lagi
4.0,6 tahun lalu,"Tempatnya luas banget. Bisa buat acara dan kegiatan yang menampung banyak orang. Harga untuk menu yang ditawarkan mulai dari 4K. Bonus pesawat terbang lalu-lalang. Hehe
Kamu bisa beli buku yang diterbitkan oleh penerbit basabasi juga. Parkiran luas."
4.0,3 tahun lalu,"Tempatnya luas, meja banyak, harga minunan masih relatif murah, sediakan uang pecahan kecil karna banyak pengamen, tidak ada tukang parkir (gratis parkir)"
4.0,6 tahun lalu,"Tempat yang rekomended bagi penyuka literasi atau yg sedang dipaksa menyukai literasi (skripsi). Tempatnya sederhana, cukup luas namun padat, terdiri dari bangku dan meja kayu yang  berjajar layaknya di ruang kelas.
Ada panggung tanpa meja yang digunakan untuk lesehan. Banyak quotes menarik yang di sematkan di tembok sebagai dekorasi.
Ada pojok buku yang membolehkan pengunjung untuk meminjam buku dari rak yg tersedia.
Tiap meja dilengkapi dengan stop kontak.
Tersedia TV juga.
Untuk mushola dan kamar mandi ada, tapi kurang terjaga kebersihannya.
Untuk menu makanan, favorit mahasiswa dengan harga terjangkau."
5.0,7 tahun lalu,"Tempatnya luas, banyak colokan, dan harga makanan-minuman sangat murah seperti di burjo. Tempatnya juga sangat kondusif untuk belajar maupun seminar. Pakiran luas, kamar mandi, dan mushola nyaman. Cafe ini juga menyediakan buku-buku sosial-humaniora yang berbobot"
5.0,setahun lalu,"Langganan ke sini dari awal di jogja. Kalau di sini sekarang rame banget si dibandingin pas covid, buat yang ga terlalu suka bising bisa ke basa basi congcat."
4.0,7 tahun lalu,"Kafe Basabasi, tempatnya oke, luas, parkirnya juga luas, sering buat acara pertemuan, buat nongki jga oke, kopinya rekomen lah"
1.0,2 tahun lalu,"Pelayanan lama,rasa tidak sesuai expetasi,minta piring sendok sampe 4x ga dikirim kirim..jus rasa buahnya ga ada..staf jutek hadeeeh yang lapar bisa pingsan 40menit baru nyicil 1 menu kondisi ga rame."
4.0,5 tahun lalu,"Tempatnya bagus. Tema kafenya edukatif dan akomodatif terhadap pengembangan diri, hal itu bisa dilihat dari disediakannya perpustakaan dan seringnya diselenggarakan acara acara yang menunjang pengembangan diri terhadap pengetahuan. Kadang kondisinya sangat ramai, sehingga tidak cocok untuk mereka yg ingin menikmati kesunyian, tapi sangat cocok untuk mereka yang ingin melatih diri mendapat keheningan dalam keramaian. Hhe"
5.0,6 tahun lalu,"Tempat luas, colokan di mana-mana, ada perpustakaan yang menyediakan banyak jenis buku.   Makanannya juga ena ena, paling enak duduk lesehan, sih. Cocok buat nongkrong lama-lama sama temen, rapat, nonton bareng juga siap, acara-acara literasi dan budayanya juga mantap. Cocok lah."
5.0,7 tahun lalu,"Cafe ini juga bisa di sebut sama dengan warung kopi lainnya di daerah serowajan. Dan terbilang warung kopi baru juga. Tempatnya lebih ramai ketimbang warung kopi lainnya. Tempat dan parkirnya lebih luas, bangku dan meja yg lebih banyak, tersedia kamar mandi 3 pintu, mushola, tempat wudhu dan yg lebih seru ada perpustakaan dengan buku yang keren keren. Harga menunya juga lebih terjangkau dari warung kopi di sekitarnya. Hal ini mungkin yang menjadikan cafe basabasi ini labih famous dari warung kopi lainnya. Oia WiFi juga ada, mau yg gratis ataupun yg pake voucer juga ada hehe."
5.0,7 tahun lalu,"Kalau kamu lagi nyari tempat diskusi dan menikmati kopi, ini tempat yang tepat! Kafenya luas dan lega banget, tempat duduknya banyak, juga tersedia banyak terminal listrik (colokan listrik) untuk hp maupun laptop. Cocok buat tempat menyelesaikan tugas atau kerjaan. Bicara soal menu, menyediakan macam-macam makanan dan minuman. Harganya standar mahasiswa, jadi rasanya standar juga, hahaha. Di sudut kafe ada perpustakaan kecil, di kafe ini sering dipakai tempat bincang sastra."
5.0,5 tahun lalu,"kopinya enak, free WiFi and parkir, toilet dan mushola nya bersih alhamdulilah,"
5.0,6 tahun lalu,"Tempat enak buat nongkrong, kafenya juga bersih. Namun ada beberapa sedikit kekurangan seperti terminal kabel yg nggak merata, harga yg cenderung tidak murah untuk mahasiswa. Tapi selebihnya bagus kok."
5.0,6 tahun lalu,"Tempat nongkrong paling keren karena sering banyak acara literasi baik tahunan, bulanan maupun mingguan. Tempat nongkrong pilihannya mahasiswa jogja. Wifi kenceng 3 jam cuma 3rb masa... Temenku saja sampai ketagihan wifian di sana"
5.0,5 tahun lalu,"Asik buat kumpul sama temen2, harga terjangkau buat mahasiswa :D"
4.0,6 tahun lalu,"Tempatnya luas, apalagi parkirnya, cocok buat nongkrong, nugas, baca buku (disediakan juga buku bacaan). Cuma kurangnya karena pengunjung yg merokok, jadi agak risih sih hehe
Selebihnya bagus banget and recommended:)"
4.0,7 tahun lalu,Ramai banget kek pasar tapi bagus karena dia selalu ada ide untuk mengadakan diskusi rutinan setiap minggu dengan pemateri yang kece badai.  Ada perpustakaannya yang bisa pinjam hanya dengan ktp. Bisa banget nobar bola setiap malam. Playlist nya diperbaiki krn yg dengar orang se warung kopi bukan kuping sendiri
1.0,5 tahun lalu,"Tempatnya asik buat nongkrong rame rame tapi sayang pelayanannya jelek, katanya free wifi tp gak bisa dipake, terus pesanan udah diantar semua tp gak dikasih nota, gak sesuai aja sih dengan semboyannya yg isinya ""pembelian tanpa nota, gratis"". Bukannya pengen gratisan tp emang nyatanya pelayannya kurang teliti. Mbak kasirnya juga saya pesannya nasi goreng ati tapi dikasihnya nasi goreng biasa, padahal pas dikasir saya udah mastiin dan tanya dua kali. Tapi tetap aja salah. Mohon diperhatikan lagi untuk pelayanannya, saya tau kalian lelah bekerja tp harusnya tetap bisa profesional"
5.0,6 tahun lalu,Tempat kongkow dan bercerita yang asyik.
5.0,6 tahun lalu,"Salah satu tempat nongkrong disekitar kampus UIN yang menawarkan makanan ringan dan berat. Cocok untuk mahasiswa yang sedang mengerjakan tugas,  diskusi dan berkumpul,  tempat luas, bersih dan nyaman, dan di lengkapi dengan parkiran yang luas,  wc dan juga tempat shalat. Tapi kalo siang hari terasa panas"
5.0,6 bulan lalu,Minus ga bisa open bill
5.0,7 tahun lalu,Yang lagi nyari tempat yg luas dan nyaman disini tempatnya
4.0,5 tahun lalu,"Menu banyak pilihan, tempat bisa milih berbagai bentuk, dari lesehan, duduk kursi berdua, kursi banyak orang, dll, banyak colokan, tidak perlu takut tidak bisa ngecharge laptop, ada live musik (kadang2), harga murah2, deket kampus."
5.0,5 tahun lalu,"Dikafe ini suasana nyaman poll.. harga masi relatif dikantong pelajar, parkiran cukup luas. Buat yang suka nongkrong cocok banget buat kumpul2 bareng temen."
5.0,2 tahun lalu,"Nggak usah basa basi yak..ğŸ˜ saya ulas langsung yang yang buat saya kasih bintang, parkirannya cukup, toilet yg tersedia utk pengunjung kafe juga banyak, disediakan juga mushola bagi yg muslim, mau nongkrong sambil selonjoran juga bisaa..apalagi berduaan ğŸ˜†ğŸ˜, menu makanan dan minuman yang disajikan dari segi rasa saya suka, harganya juga sangat cocok buat kantong mahasiswa..ada lagi yg bikin suka...mau bikin acara disini bisaaa bangeeeet..tinggal minta disetting kan tempat, pinjem sound juga bisa...ditambah kalau saat saat tertentu bisa ketemu penulis penulis populer disini...haaambook yakinn..100% ğŸ‘ğŸ‘"
3.0,5 tahun lalu,"Kafe Basabasi Sorowajan adalah kafe yang ramai dikunjungi anak muda. Karena kafe ini terletak dekat kampus, para pengunjung kafe ini rata-rata mahasiswa/mahasiswi. Selain itu karena kafe ini juga menyediakan Wi-Fi gratis, maka daya tariknya makin banyak. Harga makanan di kafe ini standar untuk mahasiswa. Varian menu yang disajikan juga banyak dan rasanya enak. Tapi karena kafe ini lebih ke kafe outdoor, maka banyak sekali para pelanggan yang dengan bebas merokok."
5.0,7 tahun lalu,Cafe basa basi ini punya kelebihan yaitu mengadakan sebuah siraman rohani...(pengajian islam)
4.0,7 tahun lalu,"Harganya terjangkau sekali, mushallanya cukup luas.
Banyak colokan listrik juga.

Sayang tempatnya sangat banyak asap rokok yang bikin saya sesak + kambuh alerginya."
5.0,7 tahun lalu,Tempat yoi buat para pecinta buku dan kopi. Mari bergabung!
4.0,2 tahun lalu,"Aku suka, lho, tempat ini. Lebih nyaman lagi kalau bagian mushola dan kamar mandi terkondisi lebih tertata dan bersih."
5.0,6 tahun lalu,Setiap harinya selalu ramai dikunjungi banyak kalangan khususnya mahasiswa. Entah sedang berdiskusi atau yang hanya sedang bersantai. Ruangan yang memang didesain santai dan muat banyak orang ini juga menyediakan buku untuk bacaan.
3.0,2 tahun lalu,"Pelayan dari kasirnya agak jutek. Ada yg mbak2 kasir make kerudung jutek bgt, layani sambil main hp. Ngasih uang kembali juga tidak ramah"
3.0,6 tahun lalu,"cukup banget buat nongkrong atau kerja / bikin laporan pas tugas lapangan atau kuliah. setiap meja dilengkapi dengan electric socket atau colokan. satu hal yang sangat penting dan tidak bisa didapatkan di starbuck bagian luar. terutama bila anda perokok semua area bebas merokok. untuk pecinta kopi klasik, kopi disini jawa timuran. jadi jelas kentel dan enak cak. kalo ke kasir kita bisa bilang tanpa malu2: ""mbak, minta kotangnya ya mbak"" dan kotang (kopi tanggung) plus susu akan diantar ke meja anda"
4.0,5 tahun lalu,"Harga terjangkau, cocok banget buat tmpat nongkrong khususnya mahasiswa, tersedia jg buku2 bacaan menarik yg dpt dipinjam untuk dibaca ditempat ktk nongkrong"
5.0,2 bulan lalu,Rasa nya mantul
3.0,6 tahun lalu,"Tempatnya luas bisa buat ramean dan kalo mau rapat. Tapi agak surem gitu keliatannya. Makanannya ya normal lah, harga mahasiswa. Rasanya sesuai sama harga aja~"
3.0,3 tahun lalu,"Mantep sih 24 jam, tpi minusnya gaada tukang parkir sampe* helm temenku ilang kami gbsa ngapa ngapain"
2.0,10 bulan lalu,"Tempat enak, makanan enak tetapi untuk karyawan Kasirnya TIDAK RAMAH."
4.0,7 tahun lalu,"Kafe yang unik. Temanya literasi, disediakan buku untuk dibaca di tempat, banyak colokan, harganya relatif murah, tidak ada tukang parkirnya.
Hanya saja tidak free wifi"
5.0,setahun lalu,"Tempatnya asik buat nongkrong dan ngerjain tugas, sejuk meskipun siang siang, kopinya kadang enak kadang enggak"
3.0,sebulan lalu,Cirengnya lumayan enak
4.0,3 tahun lalu,"Tempatnya luas dengan kapasitas kursi sangat banyak, parkirnya luas, menunya juga bervariasi. Harga masih terjangkau, cocok buat nongkrong"
4.0,6 tahun lalu,Warung Kopi ini asik buat ngobrol dan diskusi bareng temenÂ². Harganya cocok buat kantong mahasiswa. Bisa nongkrong sampe pagi. Area parkirnya juga luas. Dan yang paling penting nyaman banget disini mah.
5.0,5 tahun lalu,"Good spot buat nongkrong. Menunya banyak dari cemilan, segala macam kopi dan minuman sampai makan berat. Free wifi. Tempat luas. Tempat parkir juga luas. Tersedia juga banyak buku yang dapat dipinjam atau dibaca di tempat. Recommended good spot."
4.0,3 tahun lalu,"Enak untuk nugas bersama kopi pagi. Buka pukul 9. Cozy, pelayanan ramah, ada mushola dan 3 WC, tempat wudlu. Kopi rekomendasi : Kopsu Kotok."
4.0,6 tahun lalu,"Tempat nongkrongnya mahasiswa banget, mulai fasilitas, menu, dan harga sesuai kantong. Nilai plusnya cafe ini nuansa literasi dan tiap minggu hampir ada panggung acara."
3.0,4 tahun lalu,Area parkir luas dan free. Tempatnya juga luas. Disini sering ada event juga. Untuk harga dan rasa standar. Kemarin kurang dapat pelayanan yg baik. Semoga kedepannya bisa lebih baik lagi.
2.0,8 bulan lalu,Minuman saya belum habis udh di angkut sama pelayannya
4.0,4 tahun lalu,"Makanannya sama seperti di Warmindo tapi suasana enak bisa lesehan juga ada tempat buat ngecas hpnya ap laptop nya, ada wifiny juga, harga lumayan lah buat mahasiswa."
5.0,5 tahun lalu,"Kopi AGM (Agak Manis) , cocok buat Jogja yang lagi dingin."
5.0,5 tahun lalu,"Tempatnya cozy dan luas, enak untuk nongkrong dan yg paling asik ngga ada tukang parkirnya. Harga makanan standar, ga murah dan ga mahal"
1.0,5 tahun lalu,"Ku dateng sama temenku, udah muter2 bingung mau makan apa. Kepikiran buat dateng ke tempat yang belm pernah di datengin ketemulah aku disini, pesan lah daan dibikin kecewa dong temenku pesen nasi goreng telur + sosis dan aku pesen pecel ayam, temenku mau nambah telur sama mbak2 kasirnya boleh eh pas mas2 dateng langsung blang ""ga bisa karena ga ada di menu dan bikin repot orang dapur"" heloo itu udah tugas eluu sebagai pelayan. Kan gue dsni pembeli. Orang dmna aja kalau mau nambah atau ngurangin jga fine fine aja toh juga dibayar. Dan satu lagi pecel ayam gue ga dateng !"
1.0,setahun lalu,"pelayanan burukk, berjam jam makanan ga dateng ternyata kelupaan, gimana ini parah"
5.0,setahun lalu,Suasana di sini bikin betah. Ada banyak varian menu. Harga sangat merakyat
5.0,5 tahun lalu,"Tempat sangat cozy buat nongkrong sambil ngerjain tugas. Ada kursi buat yang ngedate, ada juga lesehan buat yang kopdar. Untuk menu terbilang enteng buat isi dompet. Rasa juga gak kalah dengan cafe-cafe yang lain. Oh iya, di basa-basi juga ada perpustakaannya loh, boleh dibaca sambil sruput kopi, tapi gaboleh dibawa pulang ya. Disini juga ada event bedah buku loh biasanya. Sekuy merapat KAFE BASA BASI!!"
4.0,5 tahun lalu,Tempat kongkow yang asyik dan nyaman. Sayangnya kurang perhatian soal layanan kebersihan tempat ataupun meja makan (hidang). Space utk makanan dan minuman bisa ditambah supaya tidak hanya jadi tempat kongkow tetapi kebutuhan utk coworking space tradisional pun tercapai.
2.0,5 tahun lalu,"Dear : mbak kasir jam 22.00 - 23.00 wib tanggal 26 augst 2019 pakai baju putih jilbab hitam. Tolong lebih ramah, lebih loyal, suara agak keras untuk ngomong, lebih menghargai costumer lagi belajar lagi cara komunikasinya. Ex kecil : kita tanya ada daftar menu nya mbak ? Di jawab tuu doang.

Semoga masih tahap training ya.

Thanks"
5.0,5 tahun lalu,Pilihan kopinya banyak dan asik untuk ngobrol. Toilet banyak dan musholla nya luas. Tempat ini nyaman untuk kumpul ngobrol ataupun nugas. Terdapat juga buku bacaan yang dapat dipinjam.
5.0,4 tahun lalu,"Siapasi yng ga kenal kafe basa basii?ğŸ˜‚
Tempat & parkir luaaass, meja banyak, pelayanan pun cepatt. Harga mahasiswa bangeet makanan dan minuman ga mahaal. Cocok buat sekedar ngobrol2, nugas, diskusi. Ada wifi & mushola juga. Selalu rameee juga."
4.0,6 tahun lalu,"Murah, cocok buat kumpul sm tmn2 kampus,  kantor.
Tp kyaknya kursi yg di outdoor, atasnya prlu d kasih payung apa kanopi gitu,  kn lg musim ujan nih"
5.0,6 tahun lalu,"Tempat kongkow, ngobrol ngalor ngidul, nobar bal2an dan bebas berekspresi.

Pilihan menu makan dan minum banyak, terjangkau. Kalo udah ada kopi, wifi, colokan = betah. Perlu teman, biar tdk dikira jomblo tak berkesudahan."
5.0,6 tahun lalu,"Tempatnya luas, ada buku dan terkadang ada event2"
5.0,6 tahun lalu,"Asik buat nugas dan kongkow, harga bersahabat. Bisa lama-lama soalnya banyak colokan listrik (kalau mau charge). Tempat artistik, mushala cukup luas. Gada uang parkir juga ğŸ˜"
4.0,6 tahun lalu,"Tempat nongkrong atau ngopi yang recommended...tempat dan parkiran luas...buat yang mau nugas ato malah ngerjain skripsi cocok ni, soalnya ada banyak colokan yang siap nambah nyawa laptop kalian untuk jam-jam berikutnya...harga minumannya terjangkau dari 5.000 sampe 10.000 keatas..."
3.0,7 tahun lalu,"Ruangan luas, parkir luas dan tanpa uang parkir. Makanannya murah tapi ya sesuai harga rasanya. Mushola dan KM luas dan nyaman. Cuma ruangannya nggak ada yg non smoking."
5.0,4 tahun lalu,Tempat yg enak buat nongkrong dg temen2...menunya pun bnyk dg harga sangat terjangkau...kopi agm nya recomended buat saya...plus tempe mendoan nya buat cemilan...ğŸ˜€ğŸ‘
1.0,5 tahun lalu,"Cukup tau aja sih. Gak bakalan balik lagi kesini. Servisnya jelek banget. Aku dtg bertiga, temenku yg pesen pertama tapi pesenannya dateng terakhir saat makananku dan temenku satunya udah abis. Udah ditanya berkali2 tapi lama banget gk dateng2. Padahal cuma pesen pisang doang elah. Menu habis juga gk disampaikan ke customer pas pesen di kasir. Jd pas udah nunggu lama baru dikonfirmasi kalo habis jadi harus balik ke kasir lg utk pesen menu pengganti."
5.0,7 tahun lalu,"Deretan daerah sapen/gowok yang enak buat nongkrong emang kafe ini, harga mahasiwa, nongkrong, ada perpusnya, hampir seminggu 4 kali ada acara macam talkshow ato pembicara disana ğŸ‘"
5.0,setahun lalu,"Tempatnya estetik, pas buat nongkrong, atau nugas. Menunya anak muda banget. Ntab"
3.0,7 tahun lalu,"Rasa makanan dan minumannya kurang greget, tempatnya sih bersih, lumayan buat ngumpul, konsepnya ada pojok bacaan kurang menarik karena jarang juga customer yang ngelirik, overall cukup"
5.0,7 tahun lalu,"Tempatnya luaas banget, parkirnya juga luas.. cocok buat nongkrong, ada colokan listrik. Harga makanan standard. Buat penulis yang cari inspirasi, di sini tempatnya."
4.0,6 tahun lalu,Jadi kafe ini bnyak cabangnya.  Nah untuk di sorowajan ini cafenya tidak mnyediakan gazebo. Tapi hnya lesehan yg beralas tikar semata.. But overall its best guys buat kongkow bareng temanğŸ˜ƒ
3.0,5 tahun lalu,"Bagus utk diskusi, wifi gratis agak lambat klo rame bahkan ga bisa konek, tapi klo wifi voucher memuaskan lah, yg gw suka cuma karena byk asap rokok ja"
5.0,6 tahun lalu,"Keren..
Tempatnya asik..wrung kopi yg komplet bgt..dri mulai colokan kabel yg buanyak buat cas hp ato laptop sampe buku2 sastra dan pngtahuan yg disediain di rak buku..
Jdi..jgn khawatir mati gaya deh..meski ngopi sndirian di sana..
Ada musola dan kamar mandi yg bersih juga..
Bnyak quotes motivatif jugga lho..
Hhmm..klo kmu ga trlalu suka dgn suasana smoking area..kmu bs pindah di area duduk outdoornya..hehehe"
5.0,4 tahun lalu,"Warung kopi pilih tanding yang buka nyaris 24 jam. Pesan segelas es teh, nongkrongnya 5 jam adalah jalan ninjaku wkwkwk."
